{"mean": [224.15841674804688, 9.407821655273438, 21.035146713256836, 11.753267288208008], "std": [117.04640197753906, 6.429078102111816, 19.98899269104004, 9.442709922790527], "cols": ["kcal_per_100g", "protein_g", "carb_g", "fat_g"]}